Row Labels,Average of Rent
Bangalore,24966.36569
Chennai,21614.09203
Delhi,29461.98347
Hyderabad,20555.04839
Kolkata,11645.17366
Mumbai,85321.20473
(blank),
Grand Total,34993.45133
